<?xml version="1.0" encoding="UTF-8"?> 
<project>                                  
  <executable name="XC8Application1.elf">                 
    <memory name="program">              
      <units>bytes</units>                 
      <length>1024</length>                 
      <used>166</used>                     
      <free>858</free>                     
    </memory>                              
    <memory name="data">                 
      <units>bytes</units>                 
      <length>32</length>                 
      <used>0</used>                     
      <free>32</free>                     
    </memory>                              
  </executable>                            
</project>                                 
